{"stats":{"minecraft:picked_up":{"minecraft:cracked_deepslate_tiles":1,"minecraft:charcoal":5,"minecraft:stick":9,"minecraft:crafting_table":3,"minecraft:feather":1,"minecraft:leather":2,"dynamictrees:spruce_seed":1,"minecraft:spruce_sapling":2,"minecraft:spruce_log":12,"minecraft:dirt":4,"minecraft:lantern":1,"minecraft:blue_bed":2,"minecraft:cobbled_deepslate":2,"minecraft:beef":6,"minecraft:cobblestone":7,"minecraft:furnace":1},"minecraft:killed":{"minecraft:cow":2},"minecraft:used":{"minecraft:wooden_axe":12,"minecraft:bread":2,"minecraft:stone_pickaxe":9,"minecraft:wooden_pickaxe":6,"minecraft:blue_bed":1,"minecraft:stone_axe":2,"minecraft:dirt":4,"minecraft:cobblestone":1,"minecraft:crafting_table":3,"minecraft:cracked_deepslate_tiles":1,"minecraft:cooked_beef":3,"minecraft:cobbled_deepslate":2},"minecraft:crafted":{"minecraft:cooked_beef":6,"minecraft:crafting_table":1,"minecraft:spruce_planks":48,"minecraft:wooden_pickaxe":1,"minecraft:stone_pickaxe":1,"minecraft:wooden_axe":1,"minecraft:mangrove_planks":8,"minecraft:stone_axe":1,"minecraft:air":0},"minecraft:dropped":{"minecraft:wooden_axe":1,"minecraft:wooden_pickaxe":1,"dynamictrees:spruce_seed":1,"minecraft:spruce_sapling":2},"minecraft:custom":{"minecraft:time_since_rest":6982,"minecraft:interact_with_furnace":5,"minecraft:sprint_one_cm":98433,"minecraft:damage_taken":160,"minecraft:walk_one_cm":42030,"minecraft:trigger_trapped_chest":3,"minecraft:mob_kills":2,"minecraft:drop":5,"minecraft:damage_dealt":200,"minecraft:interact_with_crafting_table":4,"minecraft:fly_one_cm":95991,"minecraft:open_barrel":1,"minecraft:open_chest":1,"minecraft:crouch_one_cm":828,"minecraft:play_time":27856,"minecraft:sneak_time":1469,"minecraft:walk_under_water_one_cm":101,"minecraft:jump":424,"minecraft:walk_on_water_one_cm":590,"minecraft:leave_game":4,"minecraft:time_since_death":27856,"minecraft:sleep_in_bed":1,"minecraft:climb_one_cm":1330,"minecraft:total_world_time":27856,"minecraft:fall_one_cm":10339},"minecraft:mined":{"minecraft:furnace":1,"minecraft:cobbled_deepslate":2,"minecraft:spruce_log":2,"dynamictrees:spruce_leaves":4,"minecraft:crafting_table":3,"minecraft:cracked_deepslate_tiles":1,"minecraft:grass_block":2,"minecraft:lantern":1,"minecraft:dirt":2,"minecraft:spruce_leaves":1,"minecraft:stone":7,"minecraft:blue_bed":2}},"DataVersion":3120}