{"stats":{"minecraft:picked_up":{"minecraft:stick":4,"minecraft:crafting_table":1,"minecraft:leather":2,"minecraft:beef":6,"minecraft:spruce_sapling":2,"minecraft:spruce_log":3},"minecraft:killed":{"minecraft:cow":2},"minecraft:used":{"minecraft:wooden_axe":6,"minecraft:crafting_table":1,"minecraft:cooked_beef":2},"minecraft:crafted":{"minecraft:cooked_beef":6,"minecraft:crafting_table":1,"minecraft:spruce_planks":12,"minecraft:air":0,"minecraft:wooden_axe":1},"minecraft:custom":{"minecraft:time_since_rest":15109,"minecraft:interact_with_furnace":5,"minecraft:sprint_one_cm":39068,"minecraft:play_time":15109,"minecraft:damage_taken":30,"minecraft:walk_one_cm":15604,"minecraft:sneak_time":687,"minecraft:mob_kills":2,"minecraft:jump":114,"minecraft:damage_dealt":200,"minecraft:time_since_death":15109,"minecraft:leave_game":3,"minecraft:total_world_time":15109,"minecraft:fall_one_cm":2337,"minecraft:interact_with_crafting_table":1,"minecraft:fly_one_cm":23359},"minecraft:mined":{"minecraft:spruce_leaves":1,"minecraft:spruce_log":2,"minecraft:crafting_table":1}},"DataVersion":3120}